episode_id,title,title_link,date,prod_code
1,Cartman Gets an Anal Probe,https://en.wikipedia.org/wiki/Cartman_Gets_an_Anal_Probe,1997-08-13,101
2,Volcano,https://en.wikipedia.org/wiki/Volcano_(South_Park),1997-08-20,103
3,Weight Gain 4000,https://en.wikipedia.org/wiki/Weight_Gain_4000,1997-08-27,102
4,Big Gay Al's Big Gay Boat Ride,https://en.wikipedia.org/wiki/Big_Gay_Al%27s_Big_Gay_Boat_Ride,1997-09-03,104
5,An Elephant Makes Love to a Pig,https://en.wikipedia.org/wiki/An_Elephant_Makes_Love_to_a_Pig,1997-09-10,105
6,Death,https://en.wikipedia.org/wiki/Death_(South_Park),1997-09-17,106
7,Pinkeye,https://en.wikipedia.org/wiki/Pinkeye_(South_Park),1997-10-29,107
8,Starvin' Marvin,https://en.wikipedia.org/wiki/Starvin%27_Marvin,1997-11-19,109
9,"Mr. Hankey, the Christmas Poo","https://en.wikipedia.org/wiki/Mr._Hankey,_the_Christmas_Poo",1997-12-17,110
10,Damien,https://en.wikipedia.org/wiki/Damien_(South_Park),1998-02-04,108
11,Tom's Rhinoplasty,https://en.wikipedia.org/wiki/Tom%27s_Rhinoplasty,1998-02-11,111
12,Mecha-Streisand,https://en.wikipedia.org/wiki/Mecha-Streisand,1998-02-18,112
13,Cartman's Mom Is a Dirty Slut,https://en.wikipedia.org/wiki/Cartman%27s_Mom_Is_a_Dirty_Slut,1998-02-25,113
14,Terrance and Phillip in Not Without My Anus,https://en.wikipedia.org/wiki/Terrance_and_Phillip_in_Not_Without_My_Anus,1998-04-01,201
15,Cartman's Mom Is Still a Dirty Slut,https://en.wikipedia.org/wiki/Cartman%27s_Mom_Is_Still_a_Dirty_Slut,1998-04-22,202
16,Ike's Wee Wee,https://en.wikipedia.org/wiki/Ike%27s_Wee_Wee,1998-05-20,204
17,Chickenlover,https://en.wikipedia.org/wiki/Chickenlover,1998-05-27,203
18,Conjoined Fetus Lady,https://en.wikipedia.org/wiki/Conjoined_Fetus_Lady,1998-06-03,205
19,The Mexican Staring Frog of Southern Sri Lanka,https://en.wikipedia.org/wiki/The_Mexican_Staring_Frog_of_Southern_Sri_Lanka,1998-06-10,206
20,City on the Edge of Forever,https://en.wikipedia.org/wiki/City_on_the_Edge_of_Forever_(South_Park),1998-06-17,207
21,Summer Sucks,https://en.wikipedia.org/wiki/Summer_Sucks,1998-06-24,208
22,Chef's Chocolate Salty Balls,https://en.wikipedia.org/wiki/Chef%27s_Chocolate_Salty_Balls,1998-08-19,209
23,Chickenpox,https://en.wikipedia.org/wiki/Chickenpox_(South_Park),1998-08-26,210
24,Roger Ebert Should Lay Off the Fatty Foods,https://en.wikipedia.org/wiki/Roger_Ebert_Should_Lay_Off_the_Fatty_Foods,1998-09-02,211
25,Clubhouses,https://en.wikipedia.org/wiki/Clubhouses_(South_Park),1998-09-23,212
26,Cow Days,https://en.wikipedia.org/wiki/Cow_Days,1998-09-30,213
27,Chef Aid,https://en.wikipedia.org/wiki/Chef_Aid,1998-10-07,214
28,Spookyfish,https://en.wikipedia.org/wiki/Spookyfish,1998-10-28,215
29,"Merry Christmas, Charlie Manson!","https://en.wikipedia.org/wiki/Merry_Christmas,_Charlie_Manson!",1998-12-09,216
30,Gnomes,https://en.wikipedia.org/wiki/Gnomes_(South_Park),1998-12-16,217
31,Prehistoric Ice Man,https://en.wikipedia.org/wiki/Prehistoric_Ice_Man,1999-01-20,218
32,Rainforest Shmainforest,https://en.wikipedia.org/wiki/Rainforest_Shmainforest,1999-04-07,301
33,Spontaneous Combustion,https://en.wikipedia.org/wiki/Spontaneous_Combustion_(South_Park),1999-04-14,302
34,Succubus,https://en.wikipedia.org/wiki/Succubus_(South_Park),1999-04-21,303
35,Jakovasaurs,https://en.wikipedia.org/wiki/Jakovasaurs,1999-06-16,305
36,Tweek vs. Craig,https://en.wikipedia.org/wiki/Tweek_vs._Craig,1999-06-23,304
37,Sexual Harassment Panda,https://en.wikipedia.org/wiki/Sexual_Harassment_Panda,1999-07-07,306
38,Cat Orgy,https://en.wikipedia.org/wiki/Cat_Orgy,1999-07-14,307
39,Two Guys Naked in a Hot Tub,https://en.wikipedia.org/wiki/Two_Guys_Naked_in_a_Hot_Tub,1999-07-21,308
40,Jewbilee,https://en.wikipedia.org/wiki/Jewbilee,1999-07-28,309
41,Korn's Groovy Pirate Ghost Mystery,https://en.wikipedia.org/wiki/Korn%27s_Groovy_Pirate_Ghost_Mystery,1999-10-27,312
42,Chinpokomon,https://en.wikipedia.org/wiki/Chinpokomon,1999-11-03,310
43,Hooked on Monkey Fonics,https://en.wikipedia.org/wiki/Hooked_on_Monkey_Fonics,1999-11-10,313
44,Starvin' Marvin in Space,https://en.wikipedia.org/wiki/Starvin%27_Marvin_in_Space,1999-11-17,311
45,The Red Badge of Gayness,https://en.wikipedia.org/wiki/The_Red_Badge_of_Gayness,1999-11-24,314
46,Mr. Hankey's Christmas Classics,https://en.wikipedia.org/wiki/Mr._Hankey%27s_Christmas_Classics,1999-12-01,315
47,"Are You There God? It's Me, Jesus","https://en.wikipedia.org/wiki/Are_You_There_God%3F_It%27s_Me,_Jesus",1999-12-29,316
48,World Wide Recorder Concert,https://en.wikipedia.org/wiki/World_Wide_Recorder_Concert,2000-01-12,317
49,The Tooth Fairy's Tats 2000,https://en.wikipedia.org/wiki/The_Tooth_Fairy%27s_Tats_2000,2000-04-05,402
50,Cartman's Silly Hate Crime 2000,https://en.wikipedia.org/wiki/Cartman%27s_Silly_Hate_Crime_2000,2000-04-12,401
51,Timmy 2000,https://en.wikipedia.org/wiki/Timmy_2000,2000-04-19,404
52,Quintuplets 2000,https://en.wikipedia.org/wiki/Quintuplets_2000,2000-04-26,403
53,Cartman Joins NAMBLA,https://en.wikipedia.org/wiki/Cartman_Joins_NAMBLA,2000-06-21,406
54,Cherokee Hair Tampons,https://en.wikipedia.org/wiki/Cherokee_Hair_Tampons,2000-06-28,407
55,Chef Goes Nanners,https://en.wikipedia.org/wiki/Chef_Goes_Nanners,2000-07-05,408
56,Something You Can Do with Your Finger,https://en.wikipedia.org/wiki/Something_You_Can_Do_with_Your_Finger,2000-07-12,409
57,Do the Handicapped Go to Hell?,https://en.wikipedia.org/wiki/Do_the_Handicapped_Go_to_Hell%3F,2000-07-19,410
58,Probably,https://en.wikipedia.org/wiki/Probably_(South_Park),2000-07-26,411
59,Fourth Grade,https://en.wikipedia.org/wiki/Fourth_Grade_(South_Park),2000-11-08,412
60,Trapper Keeper,https://en.wikipedia.org/wiki/Trapper_Keeper_(South_Park),2000-11-15,413
61,Helen Keller! The Musical,https://en.wikipedia.org/wiki/Helen_Keller!_The_Musical,2000-11-22,414
62,Pip,https://en.wikipedia.org/wiki/Pip_(South_Park),2000-11-29,405
63,Fat Camp,https://en.wikipedia.org/wiki/Fat_Camp_(South_Park),2000-12-06,415
64,The Wacky Molestation Adventure,https://en.wikipedia.org/wiki/The_Wacky_Molestation_Adventure,2000-12-13,416
65,A Very Crappy Christmas,https://en.wikipedia.org/wiki/A_Very_Crappy_Christmas,2000-12-20,417
66,It Hits the Fan,https://en.wikipedia.org/wiki/It_Hits_the_Fan,2001-06-20,502
67,Cripple Fight,https://en.wikipedia.org/wiki/Cripple_Fight,2001-06-27,503
68,Super Best Friends,https://en.wikipedia.org/wiki/Super_Best_Friends,2001-07-04,504
69,Scott Tenorman Must Die,https://en.wikipedia.org/wiki/Scott_Tenorman_Must_Die,2001-07-11,501
70,Terrance and Phillip: Behind the Blow,https://en.wikipedia.org/wiki/Terrance_and_Phillip:_Behind_the_Blow,2001-07-18,505
71,Cartmanland,https://en.wikipedia.org/wiki/Cartmanland,2001-07-25,506
72,Proper Condom Use,https://en.wikipedia.org/wiki/Proper_Condom_Use,2001-08-01,507
73,Towelie,https://en.wikipedia.org/wiki/Towelie,2001-08-08,508
74,Osama bin Laden Has Farty Pants,https://en.wikipedia.org/wiki/Osama_bin_Laden_Has_Farty_Pants,2001-11-07,509
75,How to Eat with Your Butt,https://en.wikipedia.org/wiki/How_to_Eat_with_Your_Butt,2001-11-14,510
76,The Entity,https://en.wikipedia.org/wiki/The_Entity_(South_Park),2001-11-21,511
77,Here Comes the Neighborhood,https://en.wikipedia.org/wiki/Here_Comes_the_Neighborhood,2001-11-28,512
78,Kenny Dies,https://en.wikipedia.org/wiki/Kenny_Dies,2001-12-05,513
79,Butters' Very Own Episode,https://en.wikipedia.org/wiki/Butters%27_Very_Own_Episode,2001-12-12,514
80,Jared Has Aides,https://en.wikipedia.org/wiki/Jared_Has_Aides,2002-03-06,602
81,Asspen,https://en.wikipedia.org/wiki/Asspen,2002-03-13,603
82,Freak Strike,https://en.wikipedia.org/wiki/Freak_Strike,2002-03-20,601
83,Fun with Veal,https://en.wikipedia.org/wiki/Fun_with_Veal,2002-03-27,605
84,The New Terrance and Phillip Movie Trailer,https://en.wikipedia.org/wiki/The_New_Terrance_and_Phillip_Movie_Trailer,2002-04-03,604
85,Professor Chaos,https://en.wikipedia.org/wiki/Professor_Chaos,2002-04-10,606
86,Simpsons Already Did It,https://en.wikipedia.org/wiki/Simpsons_Already_Did_It,2002-06-26,607
87,Red Hot Catholic Love,https://en.wikipedia.org/wiki/Red_Hot_Catholic_Love,2002-07-03,608
88,Free Hat,https://en.wikipedia.org/wiki/Free_Hat,2002-07-10,609
89,Bebe's Boobs Destroy Society,https://en.wikipedia.org/wiki/Bebe%27s_Boobs_Destroy_Society,2002-07-17,610
90,Child Abduction Is Not Funny,https://en.wikipedia.org/wiki/Child_Abduction_Is_Not_Funny,2002-07-24,611
91,A Ladder to Heaven,https://en.wikipedia.org/wiki/A_Ladder_to_Heaven,2002-11-06,612
92,The Return of the Fellowship of the Ring to the Two Towers,https://en.wikipedia.org/wiki/The_Return_of_the_Fellowship_of_the_Ring_to_the_Two_Towers,2002-11-13,613
93,The Death Camp of Tolerance,https://en.wikipedia.org/wiki/The_Death_Camp_of_Tolerance,2002-11-20,614
94,The Biggest Douche in the Universe,https://en.wikipedia.org/wiki/The_Biggest_Douche_in_the_Universe,2002-11-27,615
95,My Future Self 'n' Me,https://en.wikipedia.org/wiki/My_Future_Self_%27n%27_Me,2002-12-04,616
96,Red Sleigh Down,https://en.wikipedia.org/wiki/Red_Sleigh_Down,2002-12-11,617
97,Cancelled,https://en.wikipedia.org/wiki/Cancelled_(South_Park),2003-03-19,704
98,Krazy Kripples,https://en.wikipedia.org/wiki/Krazy_Kripples,2003-03-26,702
99,Toilet Paper,https://en.wikipedia.org/wiki/Toilet_Paper_(South_Park),2003-04-02,703
100,I'm a Little Bit Country,https://en.wikipedia.org/wiki/I%27m_a_Little_Bit_Country,2003-04-09,701
101,Fat Butt and Pancake Head,https://en.wikipedia.org/wiki/Fat_Butt_and_Pancake_Head,2003-04-16,705
102,Lil' Crime Stoppers,https://en.wikipedia.org/wiki/Lil%27_Crime_Stoppers,2003-04-23,706
103,Red Man's Greed,https://en.wikipedia.org/wiki/Red_Man%27s_Greed,2003-04-30,707
104,South Park Is Gay,https://en.wikipedia.org/wiki/South_Park_Is_Gay,2003-10-22,708
105,Christian Rock Hard,https://en.wikipedia.org/wiki/Christian_Rock_Hard,2003-10-29,709
106,Grey Dawn,https://en.wikipedia.org/wiki/Grey_Dawn_(South_Park),2003-11-05,710
107,Casa Bonita,https://en.wikipedia.org/wiki/Casa_Bonita_(South_Park),2003-11-12,711
108,All About Mormons,https://en.wikipedia.org/wiki/All_About_Mormons,2003-11-19,712
109,Butt Out,https://en.wikipedia.org/wiki/Butt_Out,2003-12-03,713
110,Raisins,https://en.wikipedia.org/wiki/Raisins_(South_Park),2003-12-10,714
111,It's Christmas in Canada,https://en.wikipedia.org/wiki/It%27s_Christmas_in_Canada,2003-12-17,715
112,Good Times with Weapons,https://en.wikipedia.org/wiki/Good_Times_with_Weapons,2004-03-17,801
113,Up the Down Steroid,https://en.wikipedia.org/wiki/Up_the_Down_Steroid,2004-03-24,803
114,The Passion of the Jew,https://en.wikipedia.org/wiki/The_Passion_of_the_Jew,2004-03-31,804
115,You Got F'd in the A,https://en.wikipedia.org/wiki/You_Got_F%27d_in_the_A,2004-04-07,805
116,Awesom-O,https://en.wikipedia.org/wiki/Awesom-O,2004-04-14,802
117,The Jeffersons,https://en.wikipedia.org/wiki/The_Jeffersons_(South_Park),2004-04-21,807
118,Goobacks,https://en.wikipedia.org/wiki/Goobacks,2004-04-28,806
119,Douche and Turd,https://en.wikipedia.org/wiki/Douche_and_Turd,2004-10-27,808
120,Something Wall-Mart This Way Comes,https://en.wikipedia.org/wiki/Something_Wall-Mart_This_Way_Comes,2004-11-03,809
121,Pre-School,https://en.wikipedia.org/wiki/Pre-School_(South_Park),2004-11-10,810
122,Quest for Ratings,https://en.wikipedia.org/wiki/Quest_for_Ratings,2004-11-17,811
123,Stupid Spoiled Whore Video Playset,https://en.wikipedia.org/wiki/Stupid_Spoiled_Whore_Video_Playset,2004-12-01,812
124,Cartman's Incredible Gift,https://en.wikipedia.org/wiki/Cartman%27s_Incredible_Gift,2004-12-08,813
125,Woodland Critter Christmas,https://en.wikipedia.org/wiki/Woodland_Critter_Christmas,2004-12-15,814
126,Mr. Garrison's Fancy New Vagina,https://en.wikipedia.org/wiki/Mr._Garrison%27s_Fancy_New_Vagina,2005-03-09,901
127,"Die Hippie, Die","https://en.wikipedia.org/wiki/Die_Hippie,_Die",2005-03-16,902
128,Wing,https://en.wikipedia.org/wiki/Wing_(South_Park),2005-03-23,903
129,Best Friends Forever,https://en.wikipedia.org/wiki/Best_Friends_Forever_(South_Park),2005-03-30,904
130,The Losing Edge,https://en.wikipedia.org/wiki/The_Losing_Edge,2005-04-06,905
131,The Death of Eric Cartman,https://en.wikipedia.org/wiki/The_Death_of_Eric_Cartman,2005-04-13,906
132,Erection Day,https://en.wikipedia.org/wiki/Erection_Day,2005-04-20,907
133,Two Days Before the Day After Tomorrow,https://en.wikipedia.org/wiki/Two_Days_Before_the_Day_After_Tomorrow,2005-10-19,908
134,Marjorine,https://en.wikipedia.org/wiki/Marjorine,2005-10-26,909
135,Follow That Egg!,https://en.wikipedia.org/wiki/Follow_That_Egg!,2005-11-02,910
136,Ginger Kids,https://en.wikipedia.org/wiki/Ginger_Kids,2005-11-09,911
137,Trapped in the Closet,https://en.wikipedia.org/wiki/Trapped_in_the_Closet_(South_Park),2005-11-16,912
138,Free Willzyx,https://en.wikipedia.org/wiki/Free_Willzyx,2005-11-30,913
139,Bloody Mary,https://en.wikipedia.org/wiki/Bloody_Mary_(South_Park),2005-12-07,914
140,The Return of Chef,https://en.wikipedia.org/wiki/The_Return_of_Chef,2006-03-22,1001
141,Smug Alert!,https://en.wikipedia.org/wiki/Smug_Alert!,2006-03-29,1002
142,Cartoon Wars Part I,https://en.wikipedia.org/wiki/Cartoon_Wars_Part_I,2006-04-05,1003
143,Cartoon Wars Part II,https://en.wikipedia.org/wiki/Cartoon_Wars_Part_II,2006-04-12,1004
144,A Million Little Fibers,https://en.wikipedia.org/wiki/A_Million_Little_Fibers,2006-04-19,1005
145,ManBearPig,https://en.wikipedia.org/wiki/ManBearPig,2006-04-26,1006
146,Tsst,https://en.wikipedia.org/wiki/Tsst,2006-05-03,1007
147,"Make Love, Not Warcraft","https://en.wikipedia.org/wiki/Make_Love,_Not_Warcraft",2006-10-04,1008
148,Mystery of the Urinal Deuce,https://en.wikipedia.org/wiki/Mystery_of_the_Urinal_Deuce,2006-10-11,1009
149,Miss Teacher Bangs a Boy,https://en.wikipedia.org/wiki/Miss_Teacher_Bangs_a_Boy,2006-10-18,1010
150,Hell on Earth 2006,https://en.wikipedia.org/wiki/Hell_on_Earth_2006,2006-10-25,1011
151,Go God Go,https://en.wikipedia.org/wiki/Go_God_Go,2006-11-01,1012
152,Go God Go XII,https://en.wikipedia.org/wiki/Go_God_Go_XII,2006-11-08,1013
153,Stanley's Cup,https://en.wikipedia.org/wiki/Stanley%27s_Cup,2006-11-15,1014
154,With Apologies to Jesse Jackson,https://en.wikipedia.org/wiki/With_Apologies_to_Jesse_Jackson,2007-03-07,1101
155,Cartman Sucks,https://en.wikipedia.org/wiki/Cartman_Sucks,2007-03-14,1102
156,Lice Capades,https://en.wikipedia.org/wiki/Lice_Capades,2007-03-21,1103
157,The Snuke,https://en.wikipedia.org/wiki/The_Snuke,2007-03-28,1104
158,Fantastic Easter Special,https://en.wikipedia.org/wiki/Fantastic_Easter_Special,2007-04-04,1105
159,D-Yikes!,https://en.wikipedia.org/wiki/D-Yikes!,2007-04-11,1106
160,Night of the Living Homeless,https://en.wikipedia.org/wiki/Night_of_the_Living_Homeless,2007-04-18,1107
161,Le Petit Tourette,https://en.wikipedia.org/wiki/Le_Petit_Tourette,2007-10-03,1108
162,More Crap,https://en.wikipedia.org/wiki/More_Crap,2007-10-10,1109
163,Imaginationland Episode I,https://en.wikipedia.org/wiki/Imaginationland_Episode_I,2007-10-17,1110
164,Imaginationland Episode II,https://en.wikipedia.org/wiki/Imaginationland_Episode_II,2007-10-24,1111
165,Imaginationland Episode III,https://en.wikipedia.org/wiki/Imaginationland_Episode_III,2007-10-31,1112
166,Guitar Queer-O,https://en.wikipedia.org/wiki/Guitar_Queer-O,2007-11-07,1113
167,The List,https://en.wikipedia.org/wiki/The_List_(South_Park),2007-11-14,1114
168,Tonsil Trouble,https://en.wikipedia.org/wiki/Tonsil_Trouble,2008-03-12,1201
169,Britney's New Look,https://en.wikipedia.org/wiki/Britney%27s_New_Look,2008-03-19,1202
170,Major Boobage,https://en.wikipedia.org/wiki/Major_Boobage,2008-03-26,1203
171,Canada on Strike,https://en.wikipedia.org/wiki/Canada_on_Strike,2008-04-02,1204
172,"Eek, a Penis!","https://en.wikipedia.org/wiki/Eek,_a_Penis!",2008-04-09,1205
173,Over Logging,https://en.wikipedia.org/wiki/Over_Logging,2008-04-16,1206
174,Super Fun Time,https://en.wikipedia.org/wiki/Super_Fun_Time,2008-04-23,1207
175,The China Probrem,https://en.wikipedia.org/wiki/The_China_Probrem,2008-10-08,1208
176,Breast Cancer Show Ever,https://en.wikipedia.org/wiki/Breast_Cancer_Show_Ever,2008-10-15,1209
177,Pandemic,https://en.wikipedia.org/wiki/Pandemic_(South_Park),2008-10-22,1210
178,Pandemic 2: The Startling,https://en.wikipedia.org/wiki/Pandemic_2:_The_Startling,2008-10-29,1211
179,About Last Night...,https://en.wikipedia.org/wiki/About_Last_Night..._(South_Park),2008-11-05,1212
180,Elementary School Musical,https://en.wikipedia.org/wiki/Elementary_School_Musical_(South_Park),2008-11-12,1213
181,The Ungroundable,https://en.wikipedia.org/wiki/The_Ungroundable,2008-11-19,1214
182,The Ring,https://en.wikipedia.org/wiki/The_Ring_(South_Park),2009-03-11,1301
183,The Coon,https://en.wikipedia.org/wiki/The_Coon,2009-03-18,1302
184,Margaritaville,https://en.wikipedia.org/wiki/Margaritaville_(South_Park),2009-03-25,1303
185,"Eat, Pray, Queef","https://en.wikipedia.org/wiki/Eat,_Pray,_Queef",2009-04-01,1304
186,Fishsticks,https://en.wikipedia.org/wiki/Fishsticks_(South_Park),2009-04-08,1305
187,Pinewood Derby,https://en.wikipedia.org/wiki/Pinewood_Derby_(South_Park),2009-04-15,1306
188,Fatbeard,https://en.wikipedia.org/wiki/Fatbeard,2009-04-22,1307
189,Dead Celebrities,https://en.wikipedia.org/wiki/Dead_Celebrities,2009-10-07,1308
190,Butters' Bottom Bitch,https://en.wikipedia.org/wiki/Butters%27_Bottom_Bitch,2009-10-14,1309
191,W.T.F.,https://en.wikipedia.org/wiki/W.T.F._(South_Park),2009-10-21,1310
192,Whale Whores,https://en.wikipedia.org/wiki/Whale_Whores,2009-10-28,1311
193,The F Word,https://en.wikipedia.org/wiki/The_F_Word_(South_Park),2009-11-04,1312
194,Dances with Smurfs,https://en.wikipedia.org/wiki/Dances_with_Smurfs,2009-11-11,1313
195,Pee,https://en.wikipedia.org/wiki/Pee_(South_Park),2009-11-18,1314
196,Sexual Healing,https://en.wikipedia.org/wiki/Sexual_Healing_(South_Park),2010-03-17,1401
197,The Tale of Scrotie McBoogerballs,https://en.wikipedia.org/wiki/The_Tale_of_Scrotie_McBoogerballs,2010-03-24,1402
198,Medicinal Fried Chicken,https://en.wikipedia.org/wiki/Medicinal_Fried_Chicken,2010-03-31,1403
199,You Have 0 Friends,https://en.wikipedia.org/wiki/You_Have_0_Friends,2010-04-07,1404
200,200,https://en.wikipedia.org/wiki/200_(South_Park),2010-04-14,1405
201,201,https://en.wikipedia.org/wiki/201_(South_Park),2010-04-21,1406
202,Crippled Summer,https://en.wikipedia.org/wiki/Crippled_Summer,2010-04-28,1407
203,Poor and Stupid,https://en.wikipedia.org/wiki/Poor_and_Stupid,2010-10-06,1408
204,It's a Jersey Thing,https://en.wikipedia.org/wiki/It%27s_a_Jersey_Thing,2010-10-13,1409
205,Insheeption,https://en.wikipedia.org/wiki/Insheeption,2010-10-20,1410
206,Coon 2: Hindsight,https://en.wikipedia.org/wiki/Coon_2:_Hindsight,2010-10-27,1411
207,Mysterion Rises,https://en.wikipedia.org/wiki/Mysterion_Rises,2010-11-03,1412
208,Coon vs. Coon and Friends,https://en.wikipedia.org/wiki/Coon_vs._Coon_and_Friends,2010-11-10,1413
209,Crème Fraîche,https://en.wikipedia.org/wiki/Cr%C3%A8me_Fra%C3%AEche_(South_Park),2010-11-17,1414
210,HumancentiPad,https://en.wikipedia.org/wiki/HumancentiPad,2011-04-27,1501
211,Funnybot,https://en.wikipedia.org/wiki/Funnybot,2011-05-04,1502
212,Royal Pudding,https://en.wikipedia.org/wiki/Royal_Pudding,2011-05-11,1503
213,T.M.I.,https://en.wikipedia.org/wiki/T.M.I._(South_Park),2011-05-18,1504
214,Crack Baby Athletic Association,https://en.wikipedia.org/wiki/Crack_Baby_Athletic_Association,2011-05-25,1505
215,City Sushi,https://en.wikipedia.org/wiki/City_Sushi,2011-06-01,1506
216,You're Getting Old,https://en.wikipedia.org/wiki/You%27re_Getting_Old,2011-06-08,1507
217,Ass Burgers,https://en.wikipedia.org/wiki/Ass_Burgers,2011-10-05,1508
218,The Last of the Meheecans,https://en.wikipedia.org/wiki/The_Last_of_the_Meheecans,2011-10-12,1509
219,Bass to Mouth,https://en.wikipedia.org/wiki/Bass_to_Mouth,2011-10-19,1510
220,Broadway Bro Down,https://en.wikipedia.org/wiki/Broadway_Bro_Down,2011-10-26,1511
221,1%,https://en.wikipedia.org/wiki/1%25_(South_Park),2011-11-02,1512
222,A History Channel Thanksgiving,https://en.wikipedia.org/wiki/A_History_Channel_Thanksgiving,2011-11-09,1513
223,The Poor Kid,https://en.wikipedia.org/wiki/The_Poor_Kid,2011-11-16,1514
224,Reverse Cowgirl,https://en.wikipedia.org/wiki/Reverse_Cowgirl_(South_Park),2012-03-14,1601
225,Cash for Gold,https://en.wikipedia.org/wiki/Cash_for_Gold_(South_Park),2012-03-21,1602
226,Faith Hilling,https://en.wikipedia.org/wiki/Faith_Hilling,2012-03-28,1603
227,Jewpacabra,https://en.wikipedia.org/wiki/Jewpacabra,2012-04-04,1604
228,Butterballs,https://en.wikipedia.org/wiki/Butterballs_(South_Park),2012-04-11,1605
229,I Should Have Never Gone Ziplining,https://en.wikipedia.org/wiki/I_Should_Have_Never_Gone_Ziplining,2012-04-18,1606
230,Cartman Finds Love,https://en.wikipedia.org/wiki/Cartman_Finds_Love,2012-04-25,1607
231,Sarcastaball,https://en.wikipedia.org/wiki/Sarcastaball,2012-09-26,1608
232,Raising the Bar,https://en.wikipedia.org/wiki/Raising_the_Bar_(South_Park),2012-10-03,1609
233,Insecurity,https://en.wikipedia.org/wiki/Insecurity_(South_Park),2012-10-10,1610
234,Going Native,https://en.wikipedia.org/wiki/Going_Native,2012-10-17,1611
235,A Nightmare on FaceTime,https://en.wikipedia.org/wiki/A_Nightmare_on_FaceTime,2012-10-24,1612
236,A Scause for Applause,https://en.wikipedia.org/wiki/A_Scause_for_Applause,2012-10-31,1613
237,Obama Wins!,https://en.wikipedia.org/wiki/Obama_Wins!,2012-11-07,1614
238,"Let Go, Let Gov","https://en.wikipedia.org/wiki/Let_Go,_Let_Gov",2013-09-25,1701
239,Informative Murder Porn,https://en.wikipedia.org/wiki/Informative_Murder_Porn,2013-10-02,1702
240,World War Zimmerman,https://en.wikipedia.org/wiki/World_War_Zimmerman,2013-10-09,1703
241,Goth Kids 3: Dawn of the Posers,https://en.wikipedia.org/wiki/Goth_Kids_3:_Dawn_of_the_Posers,2013-10-23,1704
242,Taming Strange,https://en.wikipedia.org/wiki/Taming_Strange,2013-10-30,1705
243,Ginger Cow,https://en.wikipedia.org/wiki/Ginger_Cow,2013-11-06,1706
244,Black Friday,https://en.wikipedia.org/wiki/Black_Friday_(South_Park),2013-11-13,1707
245,A Song of Ass and Fire,https://en.wikipedia.org/wiki/A_Song_of_Ass_and_Fire,2013-11-20,1708
246,Titties and Dragons,https://en.wikipedia.org/wiki/Titties_and_Dragons,2013-12-04,1709
247,The Hobbit,https://en.wikipedia.org/wiki/The_Hobbit_(South_Park),2013-12-11,1710
248,Go Fund Yourself,https://en.wikipedia.org/wiki/Go_Fund_Yourself,2014-09-24,1801
249,Gluten Free Ebola,https://en.wikipedia.org/wiki/Gluten_Free_Ebola,2014-10-01,1802
250,The Cissy,https://en.wikipedia.org/wiki/The_Cissy,2014-10-08,1803
251,Handicar,https://en.wikipedia.org/wiki/Handicar,2014-10-15,1804
252,The Magic Bush,https://en.wikipedia.org/wiki/The_Magic_Bush,2014-10-29,1805
253,Freemium Isn't Free,https://en.wikipedia.org/wiki/Freemium_Isn%27t_Free,2014-11-05,1806
254,Grounded Vindaloop,https://en.wikipedia.org/wiki/Grounded_Vindaloop,2014-11-12,1807
255,Cock Magic,https://en.wikipedia.org/wiki/Cock_Magic,2014-11-19,1808
256,#REHASH,https://en.wikipedia.org/wiki/Rehash_(South_Park),2014-12-03,1809
257,#HappyHolograms,https://en.wikipedia.org/wiki/HappyHolograms,2014-12-10,1810
258,Stunning and Brave,https://en.wikipedia.org/wiki/Stunning_and_Brave,2015-09-16,1901
259,Where My Country Gone?,https://en.wikipedia.org/wiki/Where_My_Country_Gone%3F,2015-09-23,1902
260,The City Part of Town,https://en.wikipedia.org/wiki/The_City_Part_of_Town,2015-09-30,1903
261,You're Not Yelping,https://en.wikipedia.org/wiki/You%27re_Not_Yelping,2015-10-14,1904
262,Safe Space,https://en.wikipedia.org/wiki/Safe_Space_(South_Park),2015-10-21,1905
263,Tweek x Craig,https://en.wikipedia.org/wiki/Tweek_x_Craig,2015-10-28,1906
264,Naughty Ninjas,https://en.wikipedia.org/wiki/Naughty_Ninjas,2015-11-11,1907
265,Sponsored Content,https://en.wikipedia.org/wiki/Sponsored_Content_(South_Park),2015-11-18,1908
266,Truth and Advertising,https://en.wikipedia.org/wiki/Truth_and_Advertising,2015-12-02,1909
267,PC Principal Final Justice,https://en.wikipedia.org/wiki/PC_Principal_Final_Justice,2015-12-09,1910
268,Member Berries,https://en.wikipedia.org/wiki/Member_Berries,2016-09-14,2001
269,Skank Hunt,https://en.wikipedia.org/wiki/Skank_Hunt,2016-09-21,2002
270,The Damned,https://en.wikipedia.org/wiki/The_Damned_(South_Park),2016-09-28,2003
271,Wieners Out,https://en.wikipedia.org/wiki/Wieners_Out,2016-10-12,2004
272,Douche and a Danish,https://en.wikipedia.org/wiki/Douche_and_a_Danish,2016-10-19,2005
273,Fort Collins,https://en.wikipedia.org/wiki/Fort_Collins_(South_Park),2016-10-26,2006
274,"Oh, Jeez","https://en.wikipedia.org/wiki/Oh,_Jeez",2016-11-09,2007
275,Members Only,https://en.wikipedia.org/wiki/Members_Only_(South_Park),2016-11-16,2008
276,Not Funny,https://en.wikipedia.org/wiki/Not_Funny,2016-11-30,2009
277,The End of Serialization as We Know It,https://en.wikipedia.org/wiki/The_End_of_Serialization_as_We_Know_It,2016-12-07,2010
278,White People Renovating Houses,https://en.wikipedia.org/wiki/White_People_Renovating_Houses,2017-09-13,2101
279,Put It Down,https://en.wikipedia.org/wiki/Put_It_Down_(South_Park),2017-09-20,2102
280,Holiday Special,https://en.wikipedia.org/wiki/Holiday_Special_(South_Park),2017-09-27,2103
281,Franchise Prequel,https://en.wikipedia.org/wiki/Franchise_Prequel,2017-10-11,2104
282,Hummels & Heroin,https://en.wikipedia.org/wiki/Hummels_%26_Heroin,2017-10-18,2105
283,Sons a Witches,https://en.wikipedia.org/wiki/Sons_a_Witches,2017-10-25,2106
284,Doubling Down,https://en.wikipedia.org/wiki/Doubling_Down_(South_Park),2017-11-08,2107
285,Moss Piglets,https://en.wikipedia.org/wiki/Moss_Piglets_(South_Park),2017-11-15,2108
286,Super Hard PCness,https://en.wikipedia.org/wiki/Super_Hard_PCness,2017-11-29,2109
287,Splatty Tomato,https://en.wikipedia.org/wiki/Splatty_Tomato,2017-12-06,2110
288,Dead Kids,https://en.wikipedia.org/wiki/Dead_Kids_(South_Park),2018-09-26,2201
289,A Boy and a Priest,https://en.wikipedia.org/wiki/A_Boy_and_a_Priest,2018-10-03,2202
290,The Problem with a Poo,https://en.wikipedia.org/wiki/The_Problem_with_a_Poo,2018-10-10,2203
291,Tegridy Farms,https://en.wikipedia.org/wiki/Tegridy_Farms,2018-10-17,2204
292,The Scoots,https://en.wikipedia.org/wiki/The_Scoots,2018-10-31,2205
293,Time to Get Cereal,https://en.wikipedia.org/wiki/Time_to_Get_Cereal,2018-11-07,2206
294,Nobody Got Cereal?,https://en.wikipedia.org/wiki/Nobody_Got_Cereal%3F,2018-11-14,2207
295,Buddha Box,https://en.wikipedia.org/wiki/Buddha_Box,2018-11-28,2208
296,Unfulfilled,https://en.wikipedia.org/wiki/Unfulfilled,2018-12-05,2209
297,Bike Parade,https://en.wikipedia.org/wiki/Bike_Parade,2018-12-12,2210
298,Mexican Joker,https://en.wikipedia.org/wiki/Mexican_Joker,2019-09-25,2301
299,Band in China,https://en.wikipedia.org/wiki/Band_in_China,2019-10-02,2302
300,Shots!!!,https://en.wikipedia.org/wiki/Shots!!!,2019-10-09,2303
301,Let Them Eat Goo,https://en.wikipedia.org/wiki/Let_Them_Eat_Goo,2019-10-16,2304
302,Tegridy Farms Halloween Special,https://en.wikipedia.org/wiki/Tegridy_Farms_Halloween_Special,2019-10-30,2305
303,Season Finale,https://en.wikipedia.org/wiki/Season_Finale_(South_Park),2019-11-06,2306
304,Board Girls,https://en.wikipedia.org/wiki/Board_Girls,2019-11-13,2307
305,Turd Burglars,https://en.wikipedia.org/wiki/Turd_Burglars,2019-11-27,2308
306,Basic Cable,https://en.wikipedia.org/wiki/Basic_Cable_(South_Park),2019-12-04,2309
307,Christmas Snow,https://en.wikipedia.org/wiki/Christmas_Snow_(South_Park),2019-12-11,2310
308,The Pandemic Special,https://en.wikipedia.org/wiki/The_Pandemic_Special,2020-09-30,2401
309,South ParQ Vaccination Special,https://en.wikipedia.org/wiki/South_ParQ_Vaccination_Special,2021-03-10,2402
310,South Park: Post Covid,https://en.wikipedia.org/wiki/South_Park:_Post_Covid,2021-11-25,Special
311,South Park: Post Covid: The Return of Covid,https://en.wikipedia.org/wiki/South_Park:_Post_Covid:_The_Return_of_Covid,2021-12-16,Special
312,Pajama Day,https://en.wikipedia.org/wiki/Pajama_Day_(South_Park),2022-02-02,2501
313,The Big Fix,https://en.wikipedia.org/wiki/The_Big_Fix_(South_Park),2022-02-09,2502
314,City People,https://en.wikipedia.org/wiki/City_People,2022-02-16,2503
315,Back to the Cold War,https://en.wikipedia.org/wiki/Back_to_the_Cold_War,2022-03-02,2504
316,"Help, My Teenager Hates Me!","https://en.wikipedia.org/wiki/Help,_My_Teenager_Hates_Me!",2022-03-09,2505
317,Credigree Weed St. Patrick's Day Special,https://en.wikipedia.org/wiki/Credigree_Weed_St._Patrick%27s_Day_Special,2022-03-16,2506
318,South Park The Streaming Wars,https://en.wikipedia.org/wiki/South_Park_The_Streaming_Wars,2022-06-01,Special
319,South Park The Streaming Wars Part 2,https://en.wikipedia.org/wiki/South_Park_The_Streaming_Wars_Part_2,2022-07-13,Special
320,Cupid Ye,https://en.wikipedia.org/wiki/Cupid_Ye,2023-02-08,2601
321,The Worldwide Privacy Tour,https://en.wikipedia.org/wiki/The_Worldwide_Privacy_Tour,2023-02-15,2602
322,Japanese Toilet,https://en.wikipedia.org/wiki/Japanese_Toilet_(South_Park),2023-03-01,2603
323,Deep Learning,https://en.wikipedia.org/wiki/Deep_Learning_(South_Park),2023-03-08,2604
324,DikinBaus Hot Dogs,https://en.wikipedia.org/wiki/DikinBaus_Hot_Dogs,2023-03-22,2605
325,Spring Break,https://en.wikipedia.org/wiki/Spring_Break_(South_Park),2023-03-29,2606
326,South Park: Joining the Panderverse,https://en.wikipedia.org/wiki/South_Park:_Joining_the_Panderverse,2023-10-27,Special
327,South Park (Not Suitable for Children),https://en.wikipedia.org/wiki/South_Park_(Not_Suitable_for_Children),2023-12-20,Special
328,South Park: The End of Obesity,https://en.wikipedia.org/wiki/South_Park:_The_End_of_Obesity,2024-05-24,Special