character_name,role
Stan Marsh,"Stanley ""Stan"" Marsh 
is voiced by and loosely based on series co-creator Trey Parker.[4][22] He first appeared in The Spirit of Christmas and is portrayed (in words of the show's official website) as ""a normal, average, American, mixed-up kid.""[23] Stan is a third- then fourth-grade student who commonly has extraordinary experiences not typical of conventional small-town life in his hometown of South Park. Stan is also commonly portrayed as the main protagonist of the series. He acts as the de facto leader of his friend group, often encouraging them in difficult times and taking charge in social causes. Much like his best friend Kyle, Stan often learns a valuable lesson by the end of episodes. Stan has black hair, light skin, blue eyes (though color not visible due to how the series is animated), and is of average nine-year-old height. He usually wears a navy-blue beanie cap with a red trimming and a red pom-pom ball on the top of it, matching red gloves, a light-brown jacket with a matching red collar, blue jeans, and black shoes. Stan has his father's hair color (black) and his mother's skin tone."
Kyle Broflovski,"Kyle Broflovski is voiced by and loosely based on series co-creator Matt Stone.[7] Having appeared first in The Spirit of Christmas shorts, he often displays the highest moral standard of all the boys and is usually depicted as the most intelligent.[24] When describing Kyle, Stone states that both he and the character are ""reactionary"", and susceptible to irritability and impatience.[25] In some instances, Kyle is the only child in his class to not initially indulge in a fad or fall victim to a ploy. This has resulted in both his eagerness to fit in, and his resentment and frustration.[24][26] Kyle is distinctive as one of the few Jewish children on the show, and because of this, he often feels like an outsider amongst the core group of characters.[25][27] His portrayal in this role is often dealt with satirically, and has elicited both praise and criticism from Jewish viewers.[6][28][29][30]
In many episodes, Kyle contemplates ethics in beliefs, moral dilemmas, and contentious issues, and will often reflect on the lessons he has attained with a speech that often begins with, ""You know, I learned something today...""[31] Kyle has curly red hair, a light skin tone, (no visible eye color due to how the series is animated), and is of average nine-year-old height. He wears a bright-green ushanka hat (ear-flap hat), matching green gloves, an orange coat with a matching green collar, army green cargo pants, and black shoes."
Eric Cartman,"Eric Theodore Cartman first appeared in the 1992 short series The Spirit of Christmas and is voiced by Trey Parker.[7] Cartman has been portrayed as the main antagonist of the show due to his short-tempered, aggressive, prejudiced and emotionally unstable character. These traits are significantly augmented in later seasons as his character evolves, and he begins to exhibit psychopathic and extremely manipulative behavior. Cartman is depicted as highly intelligent, able to execute morally appalling plans and business ideas with success. His intelligence goes further, as Cartman is shown to be a multi-linguist, able to speak many different foreign languages fluently. Among the show's main child characters, Cartman is distinguished as ""the fat kid"",[2] for which he is continuously insulted and ridiculed.[32] Cartman is frequently portrayed as a villain whose actions set in motion the events serving as the main plot of an episode.[5] Other children and classmates are alienated by his insensitive, racist, homophobic, antisemitic, misogynistic, lazy, self-righteous, and wildly insecure behavior.[33][34][35][36][37] Cartman is also the most prejudiced character on the show. He often makes antisemitic insults towards Kyle for being Jewish,[2][38] constantly teases Kenny for being poor,[39]  particularly manipulates and mistreats Butters Stotch and displays an extreme disdain for hippies.[40][41] As a result, Cartman usually gets the consequences for his actions due to a flaw in schemes or other characters proving to be smarter than him. Despite his antagonistic tendencies, Cartman has been portrayed as a protagonist or antihero on several occasions. He has short straight neatly-parted brown hair, pale skin, (no visible eye color due to how the series is animated), and extremely-fat body with neck flab and a double chin. Cartman wears a small teal hat with a small flat yellow puff-ball on top and a matching yellow band where the forehead part of the hat begins, a large bright-red coat, matching yellow gloves, brown khaki pants, and black shoes."
Kenny McCormick,"Kenneth ""Kenny"" McCormick debuted in the 1992 shorts. His soft-muffled and indiscernible speech—the result of his parka hood covering his mouth—is voiced by co-creator Matt Stone.[7] He is friends with Stan and Kyle, while maintaining a friendship with Eric Cartman.[42] Kenny is regularly teased for living in poverty, particularly by Cartman.[39] Prior to Season Six, Kenny died in almost every episode, with only a few exceptions.[note 1] The nature of the deaths was often gruesome and portrayed in a comically absurd fashion,[43] and usually followed by Stan and Kyle respectively yelling ""Oh my God! They killed Kenny!"" and ""You bastard(s)!"".[44] In the episode ""Kenny Dies"", Kenny dies after developing a terminal muscular disease,[45] while Parker and Stone claimed that Kenny would not be returning in subsequent episodes and insisted they grew tired of having Kenny die in each episode.[46] For most of season six, his place is taken by Butters Stotch and Tweek Tweak.[47][48] Nevertheless, Kenny returned from the year-long absence in the season six finale ""Red Sleigh Down"", and has remained a starring character since, although he only appears once in Season 20. Kenny's character no longer dies in each episode, and has only been killed occasionally in episodes following his return.[49] Kenny's superhero alter ego, Mysterion, first appeared in the season 13 episode ""The Coon"".[50][51] It is revealed in the season 14 three-part story arc ""Coon 2: Hindsight"", ""Mysterion Rises"" and ""Coon vs. Coon and Friends"" that Kenny canonically has an ability to resurrect after dying, though he is always the only one who can ever remember dying, despite his friends always bearing witness. It is revealed that each time he dies, Kenny's mom spontaneously gives birth to him, and then is put back in his orange parka and in bed, to regenerate overnight. This was due to his parents' involvement in the cult of Cthulhu, whose meetings they would only attend because of the free alcohol. Kenny has bright-blond hair, a light skin color, (no visible eye color due to how the series is animated), and an average eight-year-old height. He wears a large orange parka whose large hood conceals his blond head completely with a faded-brown inside, matching faded-brown gloves, orange pants that match his parka, and black shoes. Kenny has a brother named Kevin, and a younger sister named Karen with whom he has a good relationship."
"Leopold ""Butters"" Stotch","Leopold ""Butters"" Stotch is a major supporting character and a student of South Park Elementary. He is voiced by series co-creator Matt Stone. Butters is depicted as more naive, optimistic, and gullible than the show's other child characters and can become increasingly anxious, especially when faced with the likelihood of being grounded, of which he is extremely terrified. As a result, he is often sheltered and unknowledgeable of some of the suggestive content his peers understand, and is also frequently the victim of abuse and manipulation by Eric Cartman. Butters debuted as an unnamed background character when South Park first premiered on Comedy Central on August 13, 1997. His role gradually increased, becoming one of the series's most frequently present characters beginning with season 3 and eventually the de facto fifth main character. Creators Trey Parker and Matt Stone have stated that he is one of their favorite characters."
Randy Marsh,"Randy S. Marsh is the most prominent parent on the show. He is a middle-class married father who alongside his wife Sharon raises their 10-year-old son Stan and 13-year-old daughter Shelley. His first name is derived from the first name of series co-creator Trey Parker's father,[52] and Parker describes Randy as ""the biggest dingbat in the entire show""[53] who evolves to be one of the most heavily featured characters in the series."
Gerald and Sheila Broflovski,"Gerald and Sheila Broflovski are an upper-middle-class, Jewish married couple who raise their ten-year-old son Kyle and three-year-old Canadian son Ike. Gerald is a lawyer who also serves on South Park's council as the city attorney,[54] and his role in this profession has been put on display in episodes such as ""Sexual Harassment Panda"" and ""Chef Goes Nanners"" in which a trial or legal issue plays a large part in the plot.[55][56][57] He is a generally kind, amiable person, though at intervals he has been shown to assume a snobbish attitude that disaffects his friends and family. Examples include the episode ""Chicken Pox"" where it is revealed that he used to be close with Stuart McCormick when they were younger but that the two had a falling out due to economic differences or when he begins acting like an arrogant snob after buying a hybrid car in ""Smug Alert!"". In ""Sexual Harassment Panda"", Gerald repeatedly sued South Park Elementary (which was faultless in every case), and later every citizen of South Park, showing his shameless monetary greed and disregard for civil propriety. Gerald was once seen to have a repressed gambling problem,[58] and prior struggles with a fictional form of inhalant abuse known within the show as ""cheesing"".[55] Gerald is, in season 20 of the show, revealed to be an internet troll. His internet alias is 'Skankhunt42', and initially, everyone thinks that Eric Cartman is, in fact, Skankhunt42. When trolling, he makes provocative statements against women, and, most notably, creates images where he ""puts a dick in [women's] mouths."" He always drinks red wine and listens to music by Boston when trolling. His antics eventually place him in the news after trolling a Danish Olympian making him of the two main antagonists of the entirety of season twenty alongside Lennart Bedrager."
Liane Cartman,"Liane Cartman is the generally sweet-natured mother of Eric Cartman; though in later seasons, she is a more proactive mother who does not tolerate his antics or foul language. Her promiscuity, often with total strangers, was a running gag initially. It seemed as though all of the adults in South Park had slept with her (probably the women, too). Although in episode 7, she is indicated to be a ""crack whore"", she says in ""The Poor Kid"" that she has not done drugs in some time, and works ""two jobs.""  Liane's commuting from the home during normal daytime hours implies that at least one of the jobs is a traditional, non-prostitution form of employment, though the nature of this work is never specified.  Despite the multiple sources of income, Eric comes to believe that he and Liane are the second poorest family in South Park (at least of those whose children attend South Park Elementary) after Kenny McCormick's.[60] At other times, it is implied that the Cartman household's IRS-reported income mostly comes from government welfare programs,[61] that Liane has simply transformed her prostitution career into a better-organized, safer ""escort""-style operation,[62] or that in fact Liane has never held a traditional job and the family is in a more precarious economic state than their depicted lifestyle indicates.[63]  As of season 25, current continuity states that Liane has been unable to maintain legitimate employment due to constant demands on her time from Eric, and as a result of this economic stress combined with increases in rent on the family's house, the Cartmans are unable to keep up with their bills and find themselves living in an abandoned hot dog stand.  Eric refuses to allow Liane to work, instead of attend to him, when he is awake even when explicitly told that this will cause financial disaster for the family, a storyline which may tie in to depictions of Cartman as homeless in the future."
Herbert Garrison,"Mr. Garrison was the boys' fourth grade teacher at South Park Elementary until his dismissal, after which he mounted a campaign that resulted in his election as President of the United States. Garrison is particularly cynical, especially in comparison with the rest of South Park's adults, and he is one of the few characters to ever break the fourth wall on the show."
Mr. Mackey,"Mr. Mackey is the school guidance counselor. He has a disproportionately large head and mumbles ""m'kay"" after most sentences.  He speaks with a Southern accent, and he is believed to be from Louisiana. It is assumed he is at least 40 years old (he once said he had sex at 19 and that it has been about 21 years since). He is based on Trey Parker's junior high school counselor, Stan Lackey. He has occasionally taught classes at the school, and taught sex education with Ms. Choksondik. During this time he had a sexual relationship with Ms. Choksondik until her death. After her death, he took over the fourth grade class until Mr. Garrison returned."
Jimmy Valmer,"James ""Jimmy"" Valmer is one of the boys' two handicapped classmates, alongside Timmy Burch. He is physically disabled, requiring forearm crutches in order to walk. His disability has never been specified on the show but seems visually and functionally similar to cerebral palsy. In Season 7 Episode 2 ""Krazy Kripples"", it is made clear that both Jimmy and Timmy were born with their disabilities. In any case, hampered by his legs, which in many cases he appears not to be able to use, Jimmy primarily uses his crutches both as substitutes for his legs and sometimes even as extra (weaponized) extensions for his arms. He prefers to be called ""handi-capable"".[68][69] Jimmy is able to speak coherently, and his various aspirations on several different levels of journalism over time also sometimes even makes him more articulate than any of the other children, though his speech is largely affected by his stuttering, and sometimes also his tendency to end some of his sentences with ""...very much"". He aspires to be a stand-up comedian, and is often featured performing his routines. His catchphrase during his routines is ""Wow, what a terrific audience!"""
Tolkien Black,"Tolkien Black, voiced by Trey Parker and later Adrien Beard, first appeared in ""Cartman Gets an Anal Probe"". He is the only black child in South Park until the introduction of Nichole Daniels in ""Cartman Finds Love"" in season 16.[70] Originally named ""Token"", ""Token Williams"", and finally ""Token Black"" as a play on the notion of a token black character,[74] it is retconned in the second episode ""The Big Fix"" of the twenty-fifth season (2022) his first name is actually ""Tolkien"", after J. R. R. Tolkien. In the episode, Tolkien addresses an assembly hosted by Stan in which he states that he hates his namesake, saying that he finds J.R.R. Tolkien's work to be ""a bunch of nerdy, jive-ass dragon shit"". After his name was changed, Comedy Central changed the synopses and subtitles for every past episode that mentions the name ""Token"" to ""Tolkien""."
Wendy Testaburger,"Wendy Testaburger is the show's most prominent female student. Her best friend is Bebe Stevens, she is the on-and-off girlfriend of Stan. She is also the other voice of reason (besides Kyle). Wendy has previously been voiced by Karri Turner (in the unaired pilot), Mary Kay Bergman, Mona Marshall, Eliza Schneider, and is currently voiced by April Stewart. Fellow co-creator Matt Stone has also cited the name of Wendy Westerberg, the wife of an old friend from his childhood.[67] She wears a pink beret, a purple coat and yellow pants. She has long black hair with uneven bangs. Wendy made her first appearance unnamed, but clearly recognizable, in ""The Spirit of Christmas""."
Clyde Donovan,"Clyde Donovan, voiced by Trey Parker,[77] maintains a friendship with the show's main characters and is among the most often-seen of the boys' extended group, playing supporting roles in several episodes. Clyde first appeared in the show's pilot episode ""Cartman Gets an Anal Probe"". He makes his first prominent appearance in the 1999 season 3 episode ""Tweek vs. Craig"" in which he tells everyone that both Tweek and Craig decided against fighting each other and went home instead. He has medium-brown hair, wears a burgundy coat, grayish-brown trousers, and sometimes wears ocean-blue mittens. In the season 4 (2000) episode ""Cartman's Silly Hate Crime 2000"", he is nominated as ""the second fattest kid in class"" besides Cartman, and is chosen to replace him in the sled race. The season 11 (2007) episode ""Lice Capades"" focuses heavily on Clyde and a group of anthropomorphic lice, who are portrayed as living in a civilized society on Clyde's head. Clyde was so embarrassed when a girl at the doctor's office asked what he was going in for that he said he had AIDS.[78]"
Craig Tucker,"Craig Tucker, voiced by Matt Stone, commonly characterized by his blue chullo hat and deep nasal monotone voice, is one of the more prominent members of the children's classroom. Craig dislikes the four main characters and rivals them in several episodes. Craig is a pragmatist[79] and has no wish to become involved in any extraordinary adventures the other main characters on the show customarily experience.[80] In the first several seasons, Craig has a habit of giving people the finger,[81] a trait the show's official website attributes to his learning the behavior from his family, all of whom frequently use the gesture as well, most notably in the third season episode, ""Tweek vs. Craig"", in which his entire family take turns flipping each other off at the dinner table.[82][83] This trait was used less throughout the show's runtime, and was last seen in the episode ""Fun with Veal"". Along with the rest of the characters, Craig moved to the fourth grade in ""Fourth Grade""."
Terrance and Phillip,"Introduced in the first season, Sir Terrance Henry Stoot and Sir Phillip Niles Argyle are two Canadian comedians who host The Terrance and Phillip Show: a sketch comedy program which the children of South Park adore. The children have occasionally made reference to the show being animated, with Eric Cartman explaining that he finds the animation ""crappy"" in South Park: Bigger Longer and Uncut, though it is subsequently revealed that all Canadians are depicted in a visually similar manner. Both South Park: Bigger Longer and Uncut and ""Freemium Isn't Free"" explain that the success of Terrance and Phillip's show accounts for the majority of Canada's economy."
Timmy Burch,"One of the boys' two handicapped classmates, whose vocabulary is mostly limited to the enthusiastic shouting of his own name"
Tweek Tweak,"A classmate of the boys whose parents own a coffee shop, Tweek is known for his  hyperactive and paranoid behavior, which is due to an excessive intake of his parents' coffee spiked with methamphetamine, although his parents publicly state his behavior to be because of ADD. He temporarily replaced Kenny as the fourth member of the ""main"" group during the time period in which Kenny was considered ""permanently dead"". He later began pretending to be in a relationship with classmate Craig Tucker in the episode ""Tweek x Craig"", which in later episodes is shown to have become genuine."
Bebe Stevens,"The boys' blonde female classmate, Wendy's best friend, Clyde's on-again, off-again girlfriend and the only child and daughter of Mr. and Mrs. Stevens."
Heidi Turner,"One of the boys' female classmates, who briefly was Cartman's on-again, off-again girlfriend."
Scott Malkinson,A classmate of the boys who is known to have a lisp and diabetes.
Red McArthur,"the fourth-most prominent female character in the fourth grade, behind Wendy, Heidi, and Bebe. She sits at the front of Mr. Garrison's class, usually to the far left. Red is one of ""the popular girls"" in the fourth grade."
PC Principal(Peter Charles)[91],"He is the current principal of the school, who replaced Principal Victoria after she was fired in season 19 (Mr. Mackey plotted for her to be fired); also an Alumni member of the PC Delta fraternity and an alumnus of Texas A&M University. He is dedicated to bring a more politically correct agenda to South Park, while hypocritically he himself is violent and harasses people, but thankfully he would often see the error of his ways and make amends."
Strong Woman,"The vice principal of the school beginning in ""Super Hard PCness"", who is in a secret relationship with PC Principal; later gives birth to five children, the PC Babies"
Sharon Marsh,"Stan and Shelly's mother, and Randy's wife"
Shelley Marsh,"Stan's violent, snobbish, ill-tempered and mischievous older sister who despises her brother and his friends"
Grandpa Marvin Marsh,"Randy's father and Stan's grandfather, who attempts to kill himself or have others do so in several episodes. He has Alzheimer's disease, and often refers to Stan as ""Billy"" as a result"
Jimbo Kern,"Sharon's brother, Randy's brother-in-law,[95] and Stan's uncle, who is portrayed as a hunter, TV show host, and gun store owner"
Ike Broflovski,"Kyle's younger brother, the Canadian-born adopted son of Gerald and Sheila, this little boy stays loyal to Canada."
Stuart McCormick,Kenny's alcoholic and violent father
Carol McCormick,Kenny's alcoholic and violent mother
Karen McCormick,"Kenny's shy and reclusive younger sister, who looks to Kenny for protection and comfort when she is upset"
Chris/Stephen Stotch,"Butters' strict father (bisexual, as explored in ""Butters' Very Own Episode""), who tends to punish his son for things he did not do or for trivial offenses.  His first name is either Chris or Stephen, depending on the episode, but the name Stephen is ultimately retained."
Linda Stotch,Butters' mother
Officer Barbrady,The town's highly untrained and undereducated police officer
Big Gay Al,Former scout leader who used to own a sanctuary for gay animals; portrayed as the show's stereotypical gay character
Ned Gerblanski,A hunter and a soldier in the Vietnam War. Jimbo Kern's best friend who lost his right arm and speaks through an electric voicebox.
Jesus,"The central figure of Christianity, Jesus lives in an ordinary house and hosts a talk show on the local TV-station, and is the leader of the Super Best Friends, a superhero team primarily composed of religious figures."
Tuong Lu Kim,"The owner of City Wok, a local Chinese restaurant, known for his incredibly thick Chinese accent. It is later discovered that Lu Kim is not actually a Chinese man but rather one of many personalities of William Janus, a therapist with Multiple Personality Disorder."
Scott The Dick,"The self-described ""biggest Canadian patriot"" who often clashes with Terrance and Phillip due to his distaste for the duo's comedy. His uptight, abrasive attitude has lead many Canadians to label him a ""dick""."
Ugly Bob,"A notoriously hideous Canadian (though, he claims this goes unnoticed by most Americans, who believe him to simply ""look Canadian"") who hides his face beneath a paper bag. He immigrated to America, but returned to Canada during the events of Royal Pudding."
Father Maxi,Catholic priest
Mayor Mary McDaniels,The Mayor of South Park
Dr. Alphonse Mephesto,Local mad scientist and Brando look-alike
Kevin Mephesto,Dr. Alphonse Mephesto's adopted son and his lab assistant.
Santa Claus,"A figure of Christmas, who often makes appearances in the show during Christmas-themed episodes."
Mr. Slave,"Mr. Garrison's former lover and classroom assistant, who later married Big Gay Al"
Towelie,A talking stoner towel; father of Washcloth
Harrison Yates,"A police detective, married to Maggie with an unnamed son"
Pip Pirrup,"The boys' unpopular, stereotypically British classmate, based on the main character in Charles Dickens' 1861 novel Great Expectations. Killed off in ""201"" by Mecha-Streisand."
Chef,"The school's chef and good friend of the boys, who was killed in ""The Return of Chef"", but was brought back to life as Darth Chef. Despite this, he never appears again after his resurrection."
Mr. Hankey,"A sentient piece of poo who serves as a figure of Christmas. He is kicked out of South Park in ""The Problem with a Poo"" over some offensive social media posts, ending up in Springfield."
Satan,"The ruler of Hell, portrayed with the outline of a massive phallus upon his abdomen and chest. Killed by ManBearPig in ""Nobody Got Cereal?"", ironically raising up to heaven afterwards."
Kevin McCormick,The eldest child of Stuart and Carol McCormick. He is Kenny and Karen's older brother.
Darryl Weathers,"A middle-class construction worker who made his first appearance in Season Eight episode ""Goobacks"", as a worker who was upset over losing his job to immigrants from the future. Since then, he has made numerous appearances as a background character or a minor character, often leading other redneck or working class characters in chanting ""They took our jobs!""."
Michael,"Known as the Goth Kids, this clique of four stereotypically goth children often hang out behind the school, at a local coffee shop, or sometimes in the bedroom of Henrietta, one of their members. They typically listen to goth music and smoke cigarettes."
Pete Thelman,"Known as the Goth Kids, this clique of four stereotypically goth children often hang out behind the school, at a local coffee shop, or sometimes in the bedroom of Henrietta, one of their members. They typically listen to goth music and smoke cigarettes."
Henrietta Biggle,"Known as the Goth Kids, this clique of four stereotypically goth children often hang out behind the school, at a local coffee shop, or sometimes in the bedroom of Henrietta, one of their members. They typically listen to goth music and smoke cigarettes."
Firkle Smith,"Known as the Goth Kids, this clique of four stereotypically goth children often hang out behind the school, at a local coffee shop, or sometimes in the bedroom of Henrietta, one of their members. They typically listen to goth music and smoke cigarettes."
Bradley Biggle,"The younger brother of Henrietta Biggle, Bradley was portrayed as a background character until his first major appearance in the Superheroes Saga, beginning with ""Coon 2: Hindsight"" as Mintberry Crunch. It is actually revealed later on that he indeed is a real superhero with real breakfast cereal-themed superpowers."
Dougie O’Connel,"Dougie is shown to be a loud and lonely kid. Like Butters, he is often picked on. He hangs out with other outcasts and is claimed to be a nerd by others. He also is very knowledgeable of The Simpsons. He is also not afraid to speak back, as he called Stan a ""sourpuss"". During Butters' stunts as his supervillain alter ego, Professor Chaos, Dougie joins him as his sidekick, General Disarray."
Nathan,"Nathan is a child with Down's Syndrome who appears to adults to be an innocent child, but in reality he is a cunning and shrewd manipulator. He is frequently involved in questionable or criminal activity. His arch-rival is Jimmy Valmer, and by extent, Jimmy's friend, Timmy Burch. He is often accompanied by his burly sidekick, Mimsy."
Nichole Daniels,"Nichole is the new girl at South Park Elementary, much to the happiness of the male students, especially Eric Cartman. Seeing this as an opportunity for Tolkien Black to have a girlfriend, Cartman begins a plan to have the two brought together."
